Workbook

Sheet Read Me
A1: Employee Document Vault — Cost Estimate
A2: Item | B2: Details
A3: Purpose | B3: Submission-ready cost model for the three-tier serverless Employee Document Vault.
A4: Workloads | B4: 10, 500 and 5,000 users/day, 30-day month.
A5: Pricing basis | B5: Public AWS list prices for us-east-1; account-specific free-tier credits, coupons and negotiated discounts are excluded from the gross estimate.
A6: Observed inputs | B6: Lambda 128 MB, ~0.19 sec average duration; DynamoDB employee_documents is on-demand; S3 bucket is in us-east-1 with versioning/SSE-S3 and a lifecycle rule; API is a Regional REST API; four Lambda log groups; X-Ray active at the API stage.
A7: Model assumptions | B7: 3.7 API requests/user/day; 3 DynamoDB reads/user/day; 0.7 writes/user/day; 3 KB document; 2 KB CloudWatch logs/invocation; 100% X-Ray sampling; 1,000 SNS publishes/month.
A8: Important limitation | B8: API Gateway data-transfer charges are excluded because the assignment/screenshots do not provide a reliable response/request payload size for every endpoint.
A9: Important limitation | B9: The current Lambda architecture was not visible in the screenshots. The ARM64 optimization is therefore modeled, not represented as an already-applied AWS change.
A10: Optimization recommendation | B10: If the current functions are x86_64 and dependencies are ARM-compatible, test ARM64/Graviton and compare latency before switching production traffic.

Sheet Assumptions
A1: Employee Document Vault — Cost Estimation
A2: Assumption | B2: Value | C2: Basis / note
A3: AWS Region | B3: us-east-1 (US East / N. Virginia) | C3: Observed from AWS console screenshots
A4: Users/day — Low | B4: 10 | C4: Assignment workload
A5: Users/day — Medium | B5: 500 | C5: Assignment workload
A6: Users/day — High | B6: 5000 | C6: Assignment workload
A7: Days/month | B7: 30 | C7: Cost-model assumption
A8: List requests/user/day | B8: 2 | C8: Cost-model assumption
A9: Upload requests/user/day | B9: 0.5 | C9: Cost-model assumption
A10: Download requests/user/day | B10: 1 | C10: Cost-model assumption
A11: Delete requests/user/day | B11: 0.2 | C11: Cost-model assumption
A12: Average document size (KB) | B12: 3 | C12: Observed: appraisal 2.8 KB, offer 3.4 KB, payslip 2.8 KB
A13: Lambda memory (MB) | B13: 128 | C13: Observed in Lambda configuration
A14: Lambda duration (seconds) | B14: 0.19 | C14: Observed average duration on Lambda dashboard
A15: CloudWatch log volume/invocation (KB) | B15: 2 | C15: Planning assumption; not a measured full-workload value
A16: DynamoDB read consistency | B16: Eventually consistent | C16: Planning assumption; item size is below 4 KB
A17: X-Ray sampling | B17: 100% | C17: Conservative cost-model assumption because sampling configuration was not visible
A18: SNS alarm notifications/month | B18: 1000 | C18: Planning assumption; actual alarm frequency may be lower/higher
A19: Pricing basis | B19: AWS public list prices, us-east-1 | C19: Free-tier/credits excluded from gross estimate
A21: Observed AWS configuration / evidence
A22: DynamoDB table | B22: employee_documents | C22: On-demand; 14 items; 3.5 KB table size
A23: S3 bucket | B23: employee-document-vault-nikitha-2026 | C23: us-east-1; versioning enabled; SSE-S3; lifecycle rule present
A24: S3 document structure | B24: documents/emp001/{Appraisal,OfferLetter,PaySlip} | C24: Observed PDFs around 2.8–3.4 KB each
A25: API | B25: employee-document-vault-api | C25: REST, Regional, prod stage
A26: API resources | B26: /files, /files/{doc_id}, /upload, /download/{doc_id} | C26: Observed in API Gateway
A27: Lambda functions | B27: deleteDocument, listDocuments, uploadDocument, downloadDocument | C27: Python 3.12; 128 MB
A28: CloudWatch log groups | B28: 4 Lambda log groups | C28: Retention shown as Never expire
A29: X-Ray | B29: Active on API Gateway prod stage | C29: Detailed metrics/logging inactive in shown stage

Sheet Usage Calculation
A1: Monthly Usage Calculation
A2: Metric | B2: Formula / basis | C2: 10 users/day | D2: 500 users/day | E2: 5,000 users/day
A3: API requests/month | B3: users × (2 + 0.5 + 1 + 0.2) × 30 | C3: =10*(2+0.5+1+0.2)*30 -> 1110 | D3: =500*(2+0.5+1+0.2)*30 -> 55500 | E3: =5000*(2+0.5+1+0.2)*30 -> 555000
A4: Lambda invocations/month | B4: 1 Lambda invocation per API request | C4: =C3 -> 1110 | D4: =D3 -> 55500 | E4: =E3 -> 555000
A5: Lambda GB-seconds/month | B5: invocations × (128/1024 GB) × 0.19 sec | C5: =C4*(128/1024)*0.19 -> 26.3625 | D5: =D4*(128/1024)*0.19 -> 1318.125 | E5: =E4*(128/1024)*0.19 -> 13181.25
A6: List requests/month | B6: users × 2 × 30 | C6: =10*2*30 -> 600 | D6: =500*2*30 -> 30000 | E6: =5000*2*30 -> 300000
A7: Upload requests/month | B7: users × 0.5 × 30 | C7: =10*0.5*30 -> 150 | D7: =500*0.5*30 -> 7500 | E7: =5000*0.5*30 -> 75000
A8: Download requests/month | B8: users × 1 × 30 | C8: =10*1*30 -> 300 | D8: =500*1*30 -> 15000 | E8: =5000*1*30 -> 150000
A9: Delete requests/month | B9: users × 0.2 × 30; S3 DELETE request is free | C9: =10*0.2*30 -> 60 | D9: =500*0.2*30 -> 3000 | E9: =5000*0.2*30 -> 30000
A10: Documents uploaded/month | B10: same as upload requests | C10: =C7 -> 150 | D10: =D7 -> 7500 | E10: =E7 -> 75000
A11: S3 storage added/month (GB) | B11: uploads × 3 KB ÷ 1024 ÷ 1024 | C11: =C10*3/1024/1024 -> 0.00042915344 | D11: =D10*3/1024/1024 -> 0.021457672 | E11: =E10*3/1024/1024 -> 0.21457672
A12: DynamoDB reads/month | B12: users × 3 reads/user/day × 30; eventually consistent, ≤4 KB | C12: =10*3*30 -> 900 | D12: =500*3*30 -> 45000 | E12: =5000*3*30 -> 450000
A13: DynamoDB writes/month | B13: users × 0.7 writes/user/day × 30; ≤1 KB/item | C13: =10*0.7*30 -> 210 | D13: =500*0.7*30 -> 10500 | E13: =5000*0.7*30 -> 105000
A14: CloudWatch log ingestion (GB/month) | B14: Lambda invocations × 2 KB ÷ 1024 ÷ 1024 | C14: =C4*2/1024/1024 -> 0.002117157 | D14: =D4*2/1024/1024 -> 0.10585785 | E14: =E4*2/1024/1024 -> 1.0585785
A15: X-Ray traces/month | B15: Lambda/API requests × 100% sampling | C15: =C4 -> 1110 | D15: =D4 -> 55500 | E15: =E4 -> 555000
A16: SNS publish requests/month | B16: planning assumption | C16: =1000 -> 1000 | D16: =1000 -> 1000 | E16: =1000 -> 1000

Sheet Cost Calculation
A1: Monthly Cost Estimate — AWS us-east-1
A2: Component | B2: Pricing basis | C2: 10 users/day | D2: 500 users/day | E2: 5,000 users/day | F2: Notes
A3: Lambda | B3: $0.20/M requests + $0.0000166667/GB-s x86 | C3: =('Usage Calculation'!C4/1000000)*0.2+'Usage Calculation'!C5*0.0000166667 -> 0.00066137588 | D3: =('Usage Calculation'!D4/1000000)*0.2+'Usage Calculation'!D5*0.0000166667 -> 0.033068794 | E3: =('Usage Calculation'!E4/1000000)*0.2+'Usage Calculation'!E5*0.0000166667 -> 0.33068794 | F3: Gross list-price estimate; free tier excluded
A4: API Gateway | B4: $3.50/M REST API calls | C4: ='Usage Calculation'!C3/1000000*3.5 -> 0.003885 | D4: ='Usage Calculation'!D3/1000000*3.5 -> 0.19425 | E4: ='Usage Calculation'!E3/1000000*3.5 -> 1.9425 | F4: Data transfer excluded because payload size was not specified
A5: DynamoDB | B5: $0.125/M eventual reads + $0.625/M writes | C5: ='Usage Calculation'!C12/1000000*0.125+'Usage Calculation'!C13/1000000*0.625 -> 0.00024375 | D5: ='Usage Calculation'!D12/1000000*0.125+'Usage Calculation'!D13/1000000*0.625 -> 0.0121875 | E5: ='Usage Calculation'!E12/1000000*0.125+'Usage Calculation'!E13/1000000*0.625 -> 0.121875 | F5: Storage is below 25 GB in modeled workload; storage charge omitted
A6: S3 | B6: $0.023/GB-month + $0.005/1K PUT/LIST + $0.0004/1K GET | C6: ='Usage Calculation'!C11*0.023+'Usage Calculation'!C7/1000*0.005+'Usage Calculation'!C6/1000*0.005+'Usage Calculation'!C8/1000*0.0004 -> 0.0038798705 | D6: ='Usage Calculation'!D11*0.023+'Usage Calculation'!D7/1000*0.005+'Usage Calculation'!D6/1000*0.005+'Usage Calculation'!D8/1000*0.0004 -> 0.19399353 | E6: ='Usage Calculation'!E11*0.023+'Usage Calculation'!E7/1000*0.005+'Usage Calculation'!E6/1000*0.005+'Usage Calculation'!E8/1000*0.0004 -> 1.9399353 | F6: Delete requests are free; assumes 3 KB average object
A7: CloudWatch | B7: $0.50/GB ingest + $0.03/GB-month archive | C7: ='Usage Calculation'!C14*0.5+'Usage Calculation'!C14*0.03 -> 0.0011220932 | D7: ='Usage Calculation'!D14*0.5+'Usage Calculation'!D14*0.03 -> 0.05610466 | E7: ='Usage Calculation'!E14*0.5+'Usage Calculation'!E14*0.03 -> 0.5610466 | F7: Models one month of retained logs; current console showed Never expire
A8: X-Ray | B8: $5/M traces after first 100K/month | C8: =MAX(0,'Usage Calculation'!C15-100000)/1000000*5 -> 0 | D8: =MAX(0,'Usage Calculation'!D15-100000)/1000000*5 -> 0 | E8: =MAX(0,'Usage Calculation'!E15-100000)/1000000*5 -> 2.275 | F8: 100% sampling assumption; no retrieval/scan charges modeled
A9: SNS | B9: $0.50/M requests; first 1M free | C9: =MAX(0,'Usage Calculation'!C16-1000000)/1000000*0.5 -> 0 | D9: =MAX(0,'Usage Calculation'!D16-1000000)/1000000*0.5 -> 0 | E9: =MAX(0,'Usage Calculation'!E16-1000000)/1000000*0.5 -> 0 | F9: Assumes 1,000 alarm publishes/month
A10: TOTAL | C10: =SUM(C3:C9) -> 0.0097920896 | D10: =SUM(D3:D9) -> 0.48960448 | E10: =SUM(E3:E9) -> 7.1710448 | F10: Gross monthly list-price estimate

Sheet Before vs After
A1: Cost Optimization — Modeled Lambda ARM64 Migration
A3: Optimization | B3: Move Lambda functions from x86_64 to arm64 (Graviton), after compatibility/performance testing.
A4: Status | B4: MODELED — not claimed as implemented in AWS from the screenshots provided.
A5: Why | B5: AWS documents ARM64 Lambda as lower-cost than x86 for duration charges; Python 3.12 is supported.
A6: Expected duration-price reduction | B6: 20% lower Lambda duration price versus x86 (AWS documentation)
A8: Workload | B8: Baseline total | C8: Modeled ARM64 total | D8: Modeled savings | E8: Savings %
A9: 10 users/day | B9: ='Cost Calculation'!C10 -> 0.0097920896 | C9: =B9-'Cost Calculation'!C3*0.2 -> 0.0096598144 | D9: =B9-C9 -> 0.00013227518 | E9: =D9/B9 -> 0.013508371
A10: 500 users/day | B10: ='Cost Calculation'!D10 -> 0.48960448 | C10: =B10-'Cost Calculation'!D3*0.2 -> 0.48299072 | D10: =B10-C10 -> 0.0066137588 | E10: =D10/B10 -> 0.013508371
A11: 5,000 users/day | B11: ='Cost Calculation'!E10 -> 7.1710448 | C11: =B11-'Cost Calculation'!E3*0.2 -> 7.1049072 | D11: =B11-C11 -> 0.066137588 | E11: =D11/B11 -> 0.0092228664

Sheet Pricing Sources
A1: AWS Pricing Sources — checked September 2026
A2: Service | B2: Rate used | C2: Source | D2: URL
A3: Lambda | B3: $0.20/M requests; $0.0000166667/GB-s x86; ARM duration is lower | C3: AWS Lambda Pricing | D3: https://aws.amazon.com/lambda/pricing/
A4: API Gateway | B4: $3.50/M REST API calls | C4: Amazon API Gateway Pricing | D4: https://aws.amazon.com/api-gateway/pricing/
A5: DynamoDB | B5: $0.125/M reads; $0.625/M writes; Standard storage $0.25/GB-month | C5: Amazon DynamoDB Pricing | D5: https://aws.amazon.com/dynamodb/pricing/
A6: S3 | B6: $0.023/GB-month; $0.005/1K PUT/LIST; $0.0004/1K GET | C6: Amazon S3 Pricing | D6: https://aws.amazon.com/s3/pricing/
A7: CloudWatch | B7: $0.50/GB Lambda-log ingestion tier; $0.03/GB-month archive | C7: Amazon CloudWatch Pricing | D7: https://aws.amazon.com/cloudwatch/pricing/
A8: X-Ray | B8: $5/M traces after 100K free; $0.50/M retrieval/scan after 1M free | C8: AWS X-Ray / CloudWatch Pricing | D8: https://aws.amazon.com/cloudwatch/pricing/
A9: SNS | B9: $0.50/M requests; first 1M requests free | C9: Amazon SNS Pricing / FAQ | D9: https://aws.amazon.com/sns/pricing/
